{"resnet-sgd-cifar10": [53.82713607594937, 50.79113924050633, 3.0359968354430364],
"resnet-adam-cifar10": [75.78125, 74.21875, 1.5625],
 "mlp-sgd-cifar10": [40.110759493670884, 38.973496835443036, 1.1372626582278471],
 "mlp-adam-cifar10": [47.250791139240505, 45.19382911392405, 2.0569620253164516],
 "resnet-sgd-cifar100": [24.070411392405063, 21.706882911392405, 2.363528481012658],
 "resnet-adam-cifar100": [43.32476265822785, 39.08227848101266, 4.242484177215189],
 "mlp-sgd-cifar100": [6.091772151898734, 4.450158227848101, 1.6416139240506329],
 "mlp-adam-cifar100": [20.599287974683545, 16.752373417721518, 3.8469145569620267],
 "resnet-sgd-svhn": [83.27333538555631, 81.63679534313727, 1.6365400424190426],
 "resnet-adam-svhn": [91.43944037895577, 91.52241626790925, -0.0829758889534844],
 "mlp-sgd-svhn": [62.30979371888965, 60.66814748679891, 1.6416462320907428],
 "mlp-adam-svhn": [74.07194650640675, 74.13322101621067, -0.06127450980392268]}
