{"random": {"test_accuracies_online": [0, 33.761867088607595, 43.453322784810126, 46.785996835443036, 51.42405063291139, 53.74802215189873, 54.47982594936709, 57.08069620253164, 57.77294303797469, 60.15625, 61.85719936708861, 61.35284810126582, 63.1131329113924, 64.38884493670885, 64.28006329113924, 65.57555379746836, 65.17009493670885, 66.59414556962025, 67.82041139240506, 67.82041139240506, 67.20727848101265, 70.04549050632912, 69.3631329113924, 69.6993670886076, 70.6190664556962, 70.95530063291139, 71.0245253164557, 71.12341772151899, 71.23219936708861, 71.88488924050634, 71.2618670886076, 72.4189082278481, 73.19026898734177, 73.23971518987342, 73.10126582278481], "training_times_online": [0, 2.707358, 24.975141, 29.034619, 32.111365, 40.255751, 57.213014, 80.076549, 99.253845, 120.402039, 67.024923, 153.421575, 144.513327, 156.630872, 173.723844, 166.92264, 227.995668, 183.217612, 239.596432, 217.129612, 273.151165, 146.637278, 327.616883, 298.644486, 304.538917, 341.115345, 338.210329, 316.493239, 381.41365, 422.693995, 390.130468, 422.994834, 496.190869, 337.779342, 385.683433], "number_of_samples_online": [0, 1000, 2000, 3000, 4000, 5000, 6000, 7000, 8000, 9000, 10000, 11000, 12000, 13000, 14000, 15000, 16000, 17000, 18000, 19000, 20000, 21000, 22000, 23000, 24000, 25000, 26000, 27000, 28000, 29000, 30000, 31000, 32000, 33000, 34000]}, "warm": {"test_accuracies_online": [0, 36.886867088607595, 42.57318037974683, 46.19264240506329, 49.33742088607595, 51.51305379746836, 54.29193037974683, 54.93473101265823, 56.35878164556962, 57.38726265822785, 59.34533227848101, 59.19699367088608, 59.6815664556962, 61.59018987341772, 60.71004746835443, 62.29232594936709, 63.53837025316456, 63.31091772151899, 64.32950949367088, 64.9129746835443, 63.29113924050633, 64.58662974683544, 64.42840189873418, 66.36669303797468, 66.55458860759494, 65.90189873417721, 66.69303797468355, 66.49525316455697, 67.45450949367088, 67.41495253164557, 67.85007911392405, 68.64121835443038, 69.06645569620254, 68.42365506329115, 68.9181170886076], "training_times_online": [0, 6.479549, 7.994797, 10.51445, 17.042652, 27.475315, 5.990648, 17.313528, 5.987823, 46.954222, 7.473341, 8.17221, 23.764197, 9.706669, 32.081322, 18.987048, 15.2384, 75.351973, 11.407097, 12.063183, 19.046184, 19.940019, 20.89344, 14.572897, 15.20964, 23.779535, 24.706956, 17.126678, 17.72215, 18.385264, 57.041658, 19.638402, 20.234561, 26.783683, 16.538796], "number_of_samples_online": [0, 1000, 2000, 3000, 4000, 5000, 6000, 7000, 8000, 9000, 10000, 11000, 12000, 13000, 14000, 15000, 16000, 17000, 18000, 19000, 20000, 21000, 22000, 23000, 24000, 25000, 26000, 27000, 28000, 29000, 30000, 31000, 32000, 33000, 34000]}}